reddit, subs, info
Technology,9813803,Subreddit dedicated to the news and discussions about the creation and use of technology and its surrounding issues.
WorldNews,25337737,"A place for major news from around the world, excluding US-internal news."
News,22211897,"/r/news is: real news articles, primarily but not exclusively, news relating to the United States and the rest of the World. /r/news isn't: editorials, commercials, political minutiae, shouting, justin bieber updates, kitty pictures. For a subreddit for all news-related content (editorials, satire, etc.) visit /r/inthenews."
Politics,6889221,/r/Politics is for news and discussion about U.S. politics.
Entertainment,2072920,For news and discussion of the entertainment industry.
GlobalNews,2491,"All news in one place, this is a world news hub of reddit. Latest International News from Around the World on Reddit. Stream of current  news from all directions.  Extreme political or ideological opinions are not allowed in this subreddit."
NewsOfTheWeird,57083,NewOfTheWeird is for weird and wacky news from all over the world.
InTheNews,92762,"/r/inthenews is the subreddit for opinion, analysis, and discussion of recent events."
USNews,21478,"National and local news articles, relating to the United States."
Climate,77857,A community for truthful science-based news about climate and related politics and activism
Economy,240202,"A mostly unmoderated forum for economy, business, politics, stocks, bonds, product releases, IPOs, advice, news, investment, videos, predictions, government, money, politics, debate, capitalism, current trends, and more."
TechNews,236117,Interesting technology news
OffBeat,580188,"Offbeat: funny, weird, sad, strange or quirky news that's just....just offbeat :)"
NotTheOnion,18142554,For true stories that are so mind-blowingly ridiculous that you could have sworn they were from The Onion.
WorldEvents,87333,"Worldevents is dedicated to fleshing out the historical, political and cultural context of current events (other than US news that does not involve *WORLD*events)."
GeoPolitics,256946,"Geopolitics is focused on the relationship between politics and territory. Through geopolitics we attempt to analyze and predict the actions and decisions of nations, or other forms of political power, by means of their geographical characteristics and location in the world.

In a broader sense, geopolitics studies the general relations between countries on a global scale. Here we analyse local events in terms of the bigger, global picture."
Energy,101403,
NeutralNews,92192,"A community dedicated to a polite and empirical discussion of current events. For a more in-depth discussion of political issues that are *not* current events, please see our sister subreddit /r/NeutralPolitics."
NeutralPolitics,354218,"A heavily moderated community dedicated to evenhanded, empirical discussion of political issues. Based on facts and respectful discussion."
QualityNews,12952,Breaking news from around the world brought to you by trusted sources. This is a current events discussion community built around quality and reputability with active moderation to foster constructive conversation. 
Terrorism,4646,"""Criminal acts intended or calculated to provoke a state of terror in the general public, a group of persons or particular persons for political purposes are in any circumstance unjustifiable, whatever the considerations of a political, philosophical, ideological, racial, ethnic, religious or any other nature that may be invoked to justify them."" - U.N. General Assembly, 1994"
War,24267,"Warfare — its history, present and future. Discussions of battlefields, weapons, tactics, strategy, organization and logistics. Coups, operations, insurgencies and counterinsurgencies."
Business,579349,"/r/business brings you the best of your business section. From tips for running a business, to pitfalls to avoid, /r/business teaches you the smart moves and helps you dodge the foolish."
Enviroment,851,
